"microRNA name","miRBase accession","microRNA mature sequence"
"hsa-miR-146a-5p","MIMAT0000449","UGAGAACUGAAUUCCAUGGGUU"
"hsa-miR-146b-3p","MIMAT0004766","GCCCUGUGGACUCAGUUCUGGU"
"hsa-miR-146b-5p","MIMAT0002809","UGAGAACUGAAUUCCAUAGGCUG"
"hsa-miR-15b-3p","MIMAT0004586","CGAAUCAUUAUUUGCUGCUCUA"
"hsa-miR-215-5p","MIMAT0000272","AUGACCUAUGAAUUGACAGAC"
"hsa-miR-24-3p","MIMAT0000080","UGGCUCAGUUCAGCAGGAACAG"
"hsa-miR-29b-3p","MIMAT0000100","UAGCACCAUUUGAAAUCAGUGUU"
"hsa-miR-3074-5p","MIMAT0019208","GUUCCUGCUGAACUGAGCCAG"
"hsa-miR-3173-5p","MIMAT0019214","UGCCCUGCCUGUUUUCUCCUUU"
"hsa-miR-3605-3p","MIMAT0017982","CCUCCGUGUUACCUGUCCUCUAG"
"hsa-miR-3615","MIMAT0017994","UCUCUCGGCUCCUCGCGGCUC"
"hsa-miR-3909","MIMAT0018183","UGUCCUCUAGGGCCUGCAGUCU"
"hsa-miR-423-3p","MIMAT0001340","AGCUCGGUCUGAGGCCCCUCAGU"
"hsa-miR-425-3p","MIMAT0001343","AUCGGGAAUGUCGUGUCCGCCC"
"hsa-miR-425-5p","MIMAT0003393","AAUGACACGAUCACUCCCGUUGA"
"hsa-miR-4677-3p","MIMAT0019761","UCUGUGAGACCAAAGAACUACU"
"hsa-miR-4742-3p","MIMAT0019873","UCUGUAUUCUCCUUUGCCUGCAG"
"hsa-miR-484","MIMAT0002174","UCAGGCUCAGUCCCCUCCCGAU"
"hsa-miR-486-5p","MIMAT0002177","UCCUGUACUGAGCUGCCCCGAG"
"hsa-miR-503-5p","MIMAT0002874","UAGCAGCGGGAACAGUUCUGCAG"
"hsa-miR-659-5p","MIMAT0022710","AGGACCUUCCCUGAACCAAGGA"