control_group_tb,control_group_ts,intersection_group_tb,intersection_group_ts,treatment_group_tb,treatment_group_ts,unique_control_group_tb,unique_control_group_ts,unique_treatment_group_tb
IRAK1,ABCB6,IL1RAP,ACKR2,IL1RL2,AC011484.1,MRPS35,AAR2,ADAM22
THOP1,ACAN,S100A12,ACTBL2,ABCB10,ACHE,INF2,ABCB6,AKAP12
AKAP7,ACKR2,ZNF260,ACYP2,AKAP7,ACKR2,SLC7A5P2,ACPL2,AKR1D1
LSM4,ACYP2,CCDC83,ADAMTSL2,ANLN,ACYP2,AQP4,ACTN2,ANAPC5
FAF1,ADAM19,CUZD1,AL590822.1,ATAD1,ALKBH8,COL2A1,ADA,ANP32A
MED22,ADAMTS7,DECR1,ALKBH8,BIVM,ANGPT4,COL4A6,ADAMTS10,APC2
PA2G4,ALKBH8,IRAK1,ANGPT4,CCDC83,ARHGAP36,COL6A3,ADAMTS2,APOL1
PSMD8,AMPH,MRPL10,ARHGAP19,CDKN3,ARSA,COL7A1,ADAMTS7,ARHGAP21
DGCR6L,ANGPT4,NMI,ARSA,CUZD1,ASB6,DNAJB11,AGPAT4,ARHGEF17
MKRN2,ARF5,TLL1,ASB6,DECR1,ATP5J2-PTCD1,MMP24,AIM1,ARMC12
TOP1,ARHGAP36,ABCB10,ATP5J2-PTCD1,DGCR6L,BHLHE22,NPAS4,AK1,ATN1
GFOD1,ARHGAP44,AKAP7,BEST4,IL1RAP,BLOC1S3,REL,ALKBH6,C10orf10
BRCA1,ARSA,ANLN,BET1L,IRAK1,C16orf59,SLC30A6,AP5S1,C11orf70
ALAS1,ARSB,ATAD1,BHLHE22,KIF3B,C20orf27,SNAI3,APLNR,C1orf216
CASP7,ATP5G3,BRCA1,BLOC1S3,MFSD6,CCDC42B,TBX21,AQP4,C22orf24
FBN1,ATP5J2-PTCD1,TMTC4,C16orf59,MRPL10,CCL4,TCL1A,ARF5,C7orf65
IL1RAP,B3GALT5,PRDM4,C1orf168,NMI,CCL4L1,ABHD15,ARHGEF10,CACNG2
S100A12,BBS1,ATG4A,C21orf33,PA2G4,CCNI2,ANGPTL4,ARHGEF4,CBX6
GCN1,BCORL1,FAF1,C3orf65,PPIAL4G,CD28,BMP1,ARRDC4,CDKN3
AUNIP,BDKRB2,MCM6,C4orf3,PSME3,CDS1,C12orf29,ARSB,CHD3
CUZD1,BHLHE22,RFWD2,CACNA1I,RNF26,CHPF,CALM3,ARVCF,CKMT1A
KCNJ14,BLOC1S3,WIPI2,CCL4,S100A12,CITED4,CBX2,ASAP2,CNKSR3
LARP1B,BSND,CDC14A,CCL4L1,TLL1,CLTCL1,COL10A1,BBS1,COX2
LBR,C16orf59,COPS7A,CCNI2,TMTC4,CNTFR,COL15A1,BDKRB2,CUL4A
MRPS24,C1QTNF6,HORMAD2,CD164L2,TRAP1,COL23A1,COL3A1,BLMH,DDO
PRADC1,CCDC73,LSM4,CD28,UHRF1,COMTD1,COL5A2,BMP1,DGCR6L
PPP1R26,CCL4,MED22,CD80,ZNF260,CTDNEP1,CRYBG1,BSND,DHCR7
SMAD2,CCL4L1,ZNF738,CDC14A,ATG4A,DDX49,CSGALNACT2,C17orf103,DMPK
CHSY3,CCNI2,CD300LB,CDON,FAF1,DIAPH1,CTC1,C18orf42,DSG3
MDN1,CD28,DHFR,CHI3L1,MCM6,DIO3,CTPS2,C1orf226,EDARADD
NMI,CDCA4,MKRN2,CHPF,POLD1,DKFZP761J1410,DSC2,C1QTNF6,EIF2B5
PSMC3IP,CDON,TOP1,CITED4,PPP1R11,DKFZP779L1853,DUSP2,C5orf15,EPHX2
TROAP,CELF2,DTL,CLTCL1,RFWD2,DND1,EPC1,C7orf73,EPOR
WRB,CHMP6,ERBB4,CNTFR,BRCA1,DNPEP,FBN1,CA3,ERAP2
ZNF260,CHPF,FANCF,COMTD1,CDC14A,DYRK1B,FGA,CACFD1,EXOSC10
ABCB10,CILP2,FEN1,CXCL10,COPS7A,ENGASE,FXYD2,CACNA1A,FABP2
ANLN,CITED4,GFOD1,CXCR5,DEAF1,EVX1,GATA3,CACNG4,FAM135B
ATAD1,CLDN10,POU3F1,DALRD3,HORMAD2,FANCA,GLRX3,CASP7,FAM83C
BIVM,CLEC2L,MFSD6,DCK,MED22,FANCC,GTDC1,CCDC28B,FBXO18
CCDC83,CLTCL1,UTP15,DDX49,PRDM4,FANCE,HECW1,CCNL2,FGF2
CD40,COL6A2,CASP7,DIAPH1,CD300LB,FERMT1,HFE2,CD276,FOXH1
CSGALNACT2,COL6A6,THOP1,DIO3,DHFR,FLAD1,HLTF,CDC7,GJD3
DECR1,COMTD1,ACTBL2,DKFZP779L1853,EGR1,FOXN1,HPGD,CDCA4,GLYAT
DIMT1,CSPG4,ARHGAP19,DNAL4,ESD,GALNT10,IFIH1,CDKL2,GPD1
FAM46A,CXCR5,BRCA2,DND1,MKRN2,GBA2,IFNG,CERS1,GPR35
MRPL10,DCLK3,IL1RL2,DNPEP,TOP1,GDF11,IL32,CHFR,GPT2
MRPS35,DDX49,USP48,DUSP16,WIPI2,GLP1R,IMPDH1,CHMP6,GSE1
TLL1,DIABLO,PACS2,EXOG,AGL,GLYATL3,ITGA6,CILP2,GSTM3
TMTC4,DIAPH2,UHRF1,FAM45A,CLN6,GMPPB,KCNMB3,CLDN1,HDHD2
TGFB1,DIO3,CTCF,FAM78B,DTL,ISM2,LAMA2,CLEC2L,HNRNPF
AMPD2,DKFZP779L1853,FBXO36,FANCC,ERBB4,KLHL3,LAMC2,CLK2,HOXD4
ATG4A,DNAJB11,PPP1R26,FANCE,GFOD1,LAMTOR4,LOXL4,CNOT8,IFT46
CTSD,DND1,BTN2A2,FERMT1,LSM4,MARK4,MAML2,COL11A1,IL1RL2
FLII,DNPEP,CDKN2A,FLAD1,WASF2,MED16,MAP3K20,COL15A1,IP6K2
MYB,DUSP16,EMC2,FMO2,PPWD1,MED22,MAT2A,COL16A1,IQCE
PHTF1,EIF4E2,GPM6B,FOXN1,VANGL2,METRN,NIPAL2,COL1A2,IRGQ
PPAT,EML4,STIL,GALNT10,PISD,MKS1,PCCA,COL21A1,KCMF1
ST6GAL2,ENPP3,ZNRF3,GBA2,CASP7,MRPL34,PDGFB,COL22A1,KCNE1
TLR4,ETV4,ACACA,GLYATL3,PARM1,NAIF1,PDGFC,COL2A1,KIAA0355
ELOA,FAM57B,ACD,ISM2,THOP1,NDUFAF4,PDGFRB,COL3A1,KRBA2
CIT,FAM73B,ACSF3,JOSD2,ACD,NEK4,PER1,COL4A2,LGR5
NASP,FANCC,ACTR2,KBTBD4,ACSF3,NUCB1,PIGN,COL4A5,LIFR
CCDC32,FANCE,AGPAT2,KCNK6,ACTBL2,PBX2,PPP1R13B,COL4A6,LRFN1
CDC14A,FASTK,ALG10,KLHL1,AGO1,PER1,RAET1L,COL5A2,LRRC38
COPS7A,FBN1,ALG5,KRBA2,AGPAT2,PLA2G2C,RLN1,COL5A3,MCTS1
DSC2,FBXW9,ANAPC10,LAMB3,ALG10,PPP1R11,RPL28,COL6A2,MED12L
GATA3,FEM1A,ANAPC15,LAMTOR4,ALG5,PRKRIP1,S100B,COL6A3,MFSD12
HORMAD2,FERMT1,ARHGEF40,LRRC58,ANAPC10,PSKH1,SCAF8,COL6A6,MSL1
HPGD,FLAD1,BBOF1,LSM11,ANAPC15,PTCD1,SIRT4,COL7A1,MTMR1
PLOD1,FOSL1,BIVM,MIDN,APC2,RHBDL1,SNAPC1,COMMD2,MYDGF
PRDM4,FOXN1,BRWD1,MMAB,APOF,RP11-793H13.10,STX11,CPS1,NCAPD3
RABL6,FSCN1,C18orf54,MMP16,ARFGAP2,RPAP2,TGFB3,CRELD1,NCK1
SHCBP1,GAB2,C9orf163,MROH8,ARHGAP19,RRP12,TM4SF18,CSGALNACT2,NPAS3
SQSTM1,GALNT10,CARD10,MRPL34,ARHGEF10L,SERPINH1,TM9SF2,CSPG4,NRL
YRDC,GBA2,CASP10,MRPL4,ARHGEF40,SLC19A3,TMEM158,CTC1,NUAK2
WIPI2,GEMIN2,CCDC150,MTHFR,ARID5A,SLC20A2,TOR1A,CTPS1,NUDT4
CD300LB,GGCT,CCL3,MYLK,ARL8A,SLC23A3,TRIM31,CTSF,NUP93
DAB2,GLYATL3,CCL3L3,NAIF1,ATF6,SLC2A14,UNC80,CUEDC1,PAQR8
DHFR,H2AFX,CCL4,NAPRT1,ATP5B,SMAGP,COL4A2,CX3CL1,PCYT1B
EIF4B,HAPLN3,CCZ1,NDUFAF4,ATP5H,SMARCD1,COL4A5,CYCS,PDCD11
LAMC2,HNRNPD,CD80,NEK4,BBOF1,SMG6,COX7A2L,DCAF12L1,PDE2A
POLR3H,HOXC5,CDC73,NFXL1,BOP1,SRRD,ENPP2,DCLK3,PHLDA3
WASF2,IFI30,CDKN3,NIPSNAP1,BRCA2,SRRM3,MEOX2,DDX11,PNMA5
COPA,IFNG,CENPE,NR5A1,BTN2A2,SSBP3-AS1,MUC15,DDX46,PNMA8A
AGL,IGSF1,CFH,PCK2,BZW2,SUPT6H,APOL6,DGKD,PPP5D1
DTL,INTS8,CHFR,PDHB,C18orf54,SYCN,C1orf229,DHTKD1,PRPF6
ERBB4,KCTD3,CIRBP,PDZD8,C9orf163,TBC1D16,CALML4,DIABLO,PRR15
NT5DC2,LAMA2,CLVS1,PER1,CAPN15,THBS3,CBFA2T3,DNAJB11,PSMB5
PCCA,LAMTOR4,COPA,PHOX2B,CCDC150,TMC7,COL5A3,DNMT3B,PSME3
TCHP,LIG3,CSK,PLA2G2C,CCL3,TMEM216,CSRNP2,DPP4,PXMP4
APPL1,LOXL2,DAB2,PNKP,CCL3L3,TMEM75,DNMT3B,DSC2,RAB10
KIAA1671,LRPAP1,DBF4B,POLR3H,CCL4,TSPYL2,GAS2L3,DSG3,RAB44
BBC3,LRRC58,DCAF10,POM121,CCZ1,USP2,GRN,DTWD2,RAX
FGFR3,LSM11,DCLRE1A,PPM1D,CD80,WDR55,NREP,DUSP22,RHPN2
IFNG,LTBR,DDHD2,PPP1R11,CDKN2A,WNT4,RBBP7,DYNLT1,RNFT2
MAFB,MRPL34,DGCR6L,PRKCH,CENPE,ZMAT3,SELE,EHD2,RNPEPL1
PDGFRB,MRTO4,DHFRP1,PRKRIP1,CFH,ZNF37A,TMEM237,EIF4E2,RPL32
SH2B1,MYL6,DIP2C,PRX,CHFR,ZNF532,ABCE1,EMP1,RSPH3
CCNA2,N4BP2L1,DND1,PSKH1,CIRBP,,ANKRD27,EN1,RXFP4
GANAB,NAIF1,ELOA,PTCD1,CLVS1,,BACE1,ENHO,SERPINA3
KCTD15,NCKAP5L,ELP2,RBP4,COMMD9,,BIVM,ENPP2,SH2B1
MAP3K20,NDUFAF4,EME1,RHBDL1,COX2,,C5orf22,ENPP3,SLC25A42
PFKL,NDUFB4,EPSTI1,RIMS2,CRY1,,CCDC39,EPHB3,SLC35D2
SMARCA2,NEK4,ESD,RNF138,CTCF,,CNTLN,ERCC6,SLC7A5P2
CBX2,NID1,EXOSC8,RNF41,DBF4B,,CTNNBIP1,ETV4,SLU7
ELP2,NIPSNAP3A,EXTL2,RPAP2,DCLRE1A,,DYNLT1,FAM101B,SNX3
FEN1,NLRX1,FAAP20,RPL36,DDHD2,,FGB,FAM109B,SRP54
POU3F1,NPM3,FAM189A2,RPS15,DHCR24,,FGG,FAM136A,ST18
C1orf21,PAQR6,FAM222A,RRP12,DHFRP1,,GLDN,FAM3C,ST3GAL2
FANCF,PCDHB16,FBXO4,RUFY1,DIP2C,,GLRX5,FAM57B,TAF1B
ACTBL2,PDGFRB,FGF8,SCML1,DND1,,HDAC4,FBXL18,TBC1D5
ARHGAP19,PER1,FOXD1,SEMA4A,EMC2,,HMGCR,FBXW9,THBS2
BRCA2,PIM1,FUT7,SERINC4,EME1,,IFI44L,FCHO1,TMCO5A
IL1RL2,PLA2G2C,GNPAT,SHFM1,EPOR,,IRAK1,FEM1A,TMIGD2
TNK2,PLGLB1,GNRH1,SLC19A3,EPSTI1,,KDM2B,FOSL1,TRAP1
DCTN4,PLGLB2,GPANK1,SLC23A3,EXOSC8,,KY,FRAT2,TWNK
MKI67,PPM1D,GPRIN2,SLC2A14,EXTL2,,MMP15,FREM1,UBE2I
ACD,PPP1R11,GRHPR,SLC2A3,FAAP20,,MMP9,FTCD,VANGL2
ACP4,PPP1R3D,HAAO,SLC9A3R1,FAM189A2,,MYCBP2,G6PC,VCP
ACTA2,PPP3CB,HACD3,SMAGP,FAM222A,,NAP1L4,GAS2L3,VWA2
ADRA1A,PRKRIP1,HBQ1,SRRD,FAM83C,,NID1,GEMIN2,WASF2
AKT3,PSKH1,HESX1,STRA13,FANCF,,P3H1,GGCT,WRAP73
ALG5,PTCD1,HOXB9,TLL1,FBXO36,,PDGFA,GLB1L,ZBED2
ANKRD54,RAET1L,HSPBAP1,TMEM216,FBXO4,,PPARD,GLYCTK,ZBTB46
ARMC6,RHBDL1,IFNR,TMEM74B,FEN1,,PRY,GPATCH2,ZDHHC3
BTN2A2,RHNO1,IL18RAP,TMEM75,FGF2,,PRY2,GPX7,ZFP64
C22orf42,RIT1,IL6,TMEM92,FGF8,,PYCR3,GSTA4,ZNF333
CCDC136,RNF138,IQCC,TNFSF8,FOXD1,,RACK1,GTPBP2,ZNF484
CCDC144NL,RP11-758M4.1,IRF7,TNFSF9,FOXH1,,RAX,H2AFX,ZNF841
CCDC94,RP11-834C11.12,IRX4,TRAK1,FUT7,,RIOK3,HAPLN3,ZSWIM9
CCL3L3,RPAP2,IS2,TTC17,GNPAT,,RSL24D1,HIST1H2BF,
CD80,RRP12,ISG15,TTC9C,GNRH1,,RTL6,HMCN1,
CDKN2A,SCAMP5,ITGBL1,TYMS,GPANK1,,SEC31A,HN1,
CERS5,SERPINH1,KCTD15,UCP2,GPM6B,,SFPQ,HOXC13,
CFH,SESN1,KHDRBS3,USP2,GRAP2,,SMARCC1,HTR6,
COL6A3,SETDB1,KIF18A,WDR55,GRHPR,,SPARC,HTR7,
COQ8A,SETDB2,KLC4,WNT4,HACD3,,STAG1,ICOS,
CTC1,SH3RF3,LBR,XPO4,HBQ1,,SURF2,ID1,
CTCF,SHROOM2,LINC00304,ZER1,HESX1,,TDG,IFFO1,
CUL5,SIAH2,LRP2,ZNF217,HNRNPH2,,TET1,IFI30,
DCLRE1A,SIAH3,LRRCC1,ZNF37A,HNRNPK,,TET2,IFNG,
DHCR24,SLC19A3,LRRFIP1,ZNF572,HOXB9,,TMC5,IGSF1,
DNASE1L1,SLC23A3,LRRTM2,ZNF622,HSPBAP1,,ZFPM1,IL10RB,
DND1,SLC25A29,MAN1C1,ZNF697,IFNR,,ZNF502,IL1RAP,
DZANK1,SLC2A14,MCM10,ZPBP2,IL18RAP,,,IL5RA,
EAF1,SLC2A3,MDN1,,IL6,,,IMPDH1,
ECHDC2,SLC3A1,MRPL27,,IQCC,,,INA,
EFNB3,SLC7A6,MRPS22,,IRF7,,,INSRR,
EMC2,SMAGP,MT1E,,IRX4,,,ISG20L2,
EXOG,SPATA2L,MT1M,,IS2,,,ISLR2,
EXOSC8,SPATS2L,MTERF3,,ISG15,,,ITGB1,
FAM117A,SPTAN1,MYB,,KCNE1,,,KCNIP2,
FASN,SRRD,MYLK,,KCNG1,,,KCNRG,
FBXO36,SUV420H2,NAE1,,KHDRBS3,,,KCNV1,
FUZ,TBC1D7,NEIL3,,KIF18A,,,KCTD1,
GAS2L3,TBX21,NFKB1,,KLC4,,,KCTD5,
GLDC,THAP8,NMU,,LARS2,,,KDELC1,
GPANK1,TIAF1,NOP56,,LDHB,,,KDM4B,
GPM6B,TLL1,NOTUM,,LIMS1,,,KIAA0895,
GRIA4,TMEM132A,NOXO1,,LINC00304,,,KIAA0895L,
GTF2H4,TMEM179B,NSL1,,LRP2,,,KIF26A,
HBQ1,TMEM216,NT5M,,LRRCC1,,,KLHDC3,
HCLS1,TMEM75,NUFIP1,,LRRTM2,,,KLHL25,
INPP5E,TMPRSS3,OR8U1,,MCM10,,,KNOP1,
IS2,TNFSF13B,PA2G4,,MCM9,,,L3MBTL4,
LINC00304,TRAF5,PASK,,MDM4,,,LAMA2,
LSM12,TUBB2B,PCK2,,MDN1,,,LAMTOR1,
LYPD1,USP2,PHOSPHO2,,METAP2,,,LDOC1L,
MFSD6,VCPKMT,PIF1,,MID2,,,LEPRE1,
MINDY4,VPS25,PLK4,,MPST,,,LGI3,
MRPL27,VPS37C,PPP1R11,,MRPL14,,,LGSN,
MRPS22,WISP1,PPP2R3B,,MRPL27,,,LOXL2,
MTA2,WNT4,PSMD1,,MRPS22,,,LOXL4,
NADK2,WSCD2,PSTPIP2,,MT1E,,,LPL,
NDUFA13,XPNPEP1,PTPRF,,MT1M,,,LRPAP1,
NDUFV1,XPO4,PUM3,,MTERF3,,,LRRC28,
NFKB1,ZC3HAV1,RACGAP1P,,MYB,,,LTBR,
NME8,ZER1,RAP1GAP,,MZT2A,,,LYSMD1,
NOL7,ZFP36,RARB,,NAE1,,,MAP6D1,
NOTUM,ZMYM3,RBP7,,NANS,,,MARK3,
NPAS4,ZNF37A,RDM1,,NCEH1,,,MAT1A,
NREP,,REXO5,,NEIL3,,,MAZ,
NSL1,,RGS13,,NELFB,,,MEGF6,
NYNRIN,,RHO,,NFKB1,,,MEST,
OR8U1,,RHOBTB3,,NME3,,,MFAP2,
PACS2,,RPLP1,,NMU,,,MGAT4B,
PDLIM2,,RSAD2,,NOP56,,,MIF4GD,
PEPD,,SAYSD1,,NOTUM,,,MLF1,
PHOSPHO2,,SCML1,,NOXO1,,,MLIP,
PMM2,,SCRN3,,NPLOC4,,,MLLT11,
PTPRF,,SERPINA4,,NSL1,,,MMP2,
RACGAP1P,,SFRP1,,NT5M,,,MOB1A,
REL,,SHCBP1,,NUFIP1,,,MOG,
RFTN1,,SLIT3,,OR8U1,,,MOSPD2,
RNF5,,SNRPB2,,OSTC,,,MPZL3,
RPS27L,,SNTG2,,PACS2,,,MRTO4,
SCML1,,SQSTM1,,PAK4,,,MSTN,
SLC30A6,,ST6GAL2,,PASK,,,MYBL2,
SNTG2,,SULT2A1,,PCK2,,,MYL6,
SPTBN1,,SUMO3,,PCYT1B,,,MYO16,
SRPRA,,SYT12,,PHOSPHO2,,,NAA10,
STIL,,TAF3,,PI4K2B,,,NAA60,
SUMO3,,TFCP2L1,,PIF1,,,NANP,
SURF2,,TGFB1,,PLK4,,,NAPB,
TBCE,,TLR4,,PMS2,,,NARF,
TBX21,,TMEM106A,,POU3F1,,,NASP,
TDG,,TMEM200A,,PPM1F,,,NCKAP5L,
TET2,,TMEM200B,,PPP1R26,,,NCMAP,
TMEM131,,TRIM11,,PPP2R3B,,,NCOA4,
TMEM200B,,TTLL7,,PRPF6,,,NDN,
TMEM243,,TTPA,,PSMA4,,,NFATC4,
TRPM2,,TYMSOS,,PSMD1,,,NGRN,
TTC36,,UBD,,PSTPIP2,,,NIPSNAP3A,
TYMSOS,,UNG,,PUM3,,,NIPSNAP3B,
UBASH3B,,UPP1,,RACGAP1P,,,NIT2,
UHRF1,,UQCC1,,RACK1,,,NLGN3,
USMG5,,VPS25,,RAP1GAP,,,NLRX1,
USP40,,WDFY2,,RBP7,,,NPM3,
USP48,,WDR47,,RDM1,,,NRSN1,
VPS25,,WSB2,,REXO5,,,NTNG2,
XKR7,,ZMYND19,,RGS13,,,NUP160,
ZFPM1,,ZNF114,,RHO,,,ORAI2,
ZNF322,,ZNF165,,RHOBTB3,,,OSTC,
ZNF629,,ZNF184,,RHOC,,,OXTR,
RUFY2,,ZNF217,,RSAD2,,,P2RX5,
THRB,,ZNF230,,SAYSD1,,,PALM,
CDKN3,,ZNF385B,,SCML1,,,PAQR6,
FGB,,ZNF629,,SCRN3,,,PARG,
GCLM,,PPWD1,,SEC61B,,,PDGFB,
NUCKS1,,UBE2K,,SEPT8,,,PDGFRB,
PER1,,ZNF292,,SERPINA3,,,PER3,
SLC7A5P2,,ADRB1,,SERTAD2,,,PGAP2,
ABCD4,,AKAP8,,SLC16A2,,,PHLDB3,
ABCE1,,APPL1,,SLC25A42,,,PIP5KL1,
ACSF3,,ASRGL1,,SLIT3,,,PLCG2,
AGO1,,ATP13A3,,SLU7,,,PLEKHF2,
AGPAT2,,AUNIP,,SNTG2,,,PLGLB1,
ALG10,,AVL9,,ST6GAL2,,,PLGLB2,
ANAPC10,,BAZ2B,,STIL,,,PLP1,
ANAPC15,,BBS7,,SULT2A1,,,PMP22,
APLP1,,BCL2A1,,SUMO3,,,POLE3,
AQP4,,BEX1,,SYNGR2,,,POLR1D,
ARF6,,BLM,,SYNRG,,,PPARD,
ARHGEF40,,BRD8,,SYT12,,,PPIC,
BBOF1,,C16orf62,,TAF1B,,,PPP1R13B,
BRI3,,C1orf21,,TAF3,,,PPP1R3D,
BRWD1,,CASR,,TGFB1,,,PRKRA,
C14orf166,,CCNA2,,TLR4,,,PROM1,
C18orf54,,CCNE1,,TMEM106A,,,PROSER1,
C9orf163,,CCR9,,TMEM129,,,PRPH2,
CCDC14,,CENPU,,TMEM200A,,,PTRF,
CCDC150,,CHM,,TMEM200B,,,R3HDM4,
CCDC47,,CKLF,,TMEM8B,,,RAB40C,
CCDC97,,CLK1,,TRIM11,,,RAET1L,
CCL3,,COPS5,,TRIM23,,,RAP1GDS1,
CCL4,,COQ3,,TTLL7,,,RFESD,
CCZ1,,CXCL8,,TTPA,,,RHBDD1,
CENPE,,CXorf57,,TUT1,,,RIC8A,
CHFR,,CYTIP,,TYMSOS,,,RLF,
CIRBP,,DCP1A,,UBE2I,,,RNF122,
CLVS1,,DUS1L,,UPP1,,,RNF39,
CNFN,,DUSP3,,UQCC1,,,RNPEPL1,
COG1,,EAF2,,USP48,,,RPS15A,
COL2A1,,EFNB2,,USPL1,,,SCN7A,
COL4A6,,EGFR,,UTP15,,,SCYL2,
COL7A1,,EPM2A,,VPS25,,,SEMA5B,
COMMD9,,ERCC3,,WDR47,,,SERPINH1,
CTNNBIP1,,ERICH5,,WRAP73,,,SETDB1,
CUTA,,EXOSC1,,ZMYND19,,,SETDB2,
DBF4B,,FAM241B,,ZNF114,,,SFTA3,
DCAF1,,FBXO34,,ZNF165,,,SFXN3,
DCBLD1,,FNTB,,ZNF184,,,SGCB,
DDHD2,,FZD4,,ZNF230,,,SGK494,
DDX28,,GALNT12,,ZNF281,,,SH3GLB2,
DDX6,,GPR19,,ZNF385B,,,SHPRH,
DGKA,,GRAP2,,ZNF484,,,SIAH3,
DHFRP1,,HINT3,,ZNF629,,,SIDT1,
DIP2C,,HYLS1,,ZNRF3,,,SIKE1,
DNAJB11,,IFI27,,AK3,,,SLC22A7,
EIF3C,,IFI44,,BCOR,,,SLC25A22,
ELAVL1,,ITGB2,,BRWD1,,,SLC25A29,
ELOVL1,,KCNJ14,,ELOA,,,SLC25A44,
EME1,,KDM4D,,LBR,,,SLC25A45,
ENKD1,,KIF20B,,LRRFIP1,,,SLC3A1,
EPSTI1,,LARP1B,,RPS2,,,SLC43A1,
EXTL2,,LCN10,,SERPINA4,,,SLC5A8,
FAAP20,,LIMD2,,SLC25A51,,,SLC6A14,
FAM189A2,,MALSU1,,TACC3,,,SMIM17,
FAM222A,,MANF,,WDFY2,,,SPATA2L,
FBXO4,,MESD,,ZMYND11,,,SPNS1,
FGF8,,METTL9,,ASCC1,,,SPTAN1,
FIS1,,MEX3B,,ASRGL1,,,SRCRB4D,
FOS,,MMP20,,AUNIP,,,STARD8,
FOXD1,,MNS1,,BBS7,,,STARD9,
GEM,,MRPL43,,BCL2A1,,,STMN2,
GNL2,,MRPS24,,BEX1,,,STRN4,
GNPAT,,MRPS30,,BLM,,,SUV420H2,
GNRH1,,MT1F,,BRD8,,,SVIL,
GTSE1,,MTUS2,,C16orf62,,,TAF11,
HACD3,,NBN,,CASR,,,TAF5,
HARS2,,NCAN,,CCND3,,,TBC1D7,
HDLBP,,NR0B2,,CCR9,,,TBX21,
HESX1,,NUCKS1,,CDC73,,,TFAP2C,
HNRNPH2,,NUDT15,,CDS1,,,TFEB,
HNRNPK,,NUF2,,CENPB,,,TFEC,
HOXB9,,OASL,,CENPU,,,THAP8,
HSPA1B,,PKMYT1,,CHM,,,THOC1,
HSPBAP1,,PKN1,,CKLF,,,THPO,
IFI44L,,PMF1,,CLK1,,,TIAF1,
IFNR,,PRADC1,,COPS5,,,TIGD5,
IGF1R,,PRPS2,,COQ3,,,TIMM8B,
IL18RAP,,PTS,,CRTC1,,,TMEM132A,
IL6,,RAD54B,,CXorf57,,,TMEM169,
INF2,,RFC4,,DUS1L,,,TMEM179B,
IQCC,,RHOT2,,E2F3,,,TMEM183A,
IRF7,,RNASE4,,EAF2,,,TMEM234,
IRX4,,S100A8,,EPM2A,,,TMEM256-PLSCR3,
ISG15,,S100P,,ERCC3,,,TMEM44,
ISM2,,SEPT10,,ERICH5,,,TMPRSS3,
JADE3,,SERGEF,,EXOSC1,,,TNFRSF11A,
KDM2B,,SLC35F3,,FAM241B,,,TNFRSF1A,
KHDRBS3,,SLF2,,FBL,,,TPK1,
KIF18A,,SRPRB,,FBXO34,,,TPM1,
KY,,SS18,,FNTB,,,TRAF5,
LAMB2,,TBX1,,GABPB2,,,TRAFD1,
LIMS1,,TICRR,,GALNT12,,,TRIM63,
LRP2,,TMEM101,,GPR19,,,TRPC6,
LRR1,,TMEM236,,HINT3,,,TSFM,
LRRCC1,,TNFSF12,,HNRNPD,,,TSPAN4,
LRRTM2,,TNIP2,,HSD17B4,,,TTC30B,
MAF1,,TRIB3,,HYLS1,,,TTYH2,
MBD4,,TRIM22,,IFI27,,,TUBB2A,
MCM10,,ZBTB14,,IFI44,,,TUBB2B,
MDH2,,ZSWIM3,,IFT46,,,UBIAD1,
MGAT4B,,ING1,,ITGB2,,,UBTD1,
MMP24,,PLA2G4A,,KCNJ14,,,UBTF,
MPP2,,TMEM136,,KDM4D,,,UNC13B,
MT1E,,ACTL6A,,KIF20B,,,UPK1B,
MT1M,,ADGRG6,,LARP1B,,,URB1,
MTERF3,,AK4,,LCN10,,,URM1,
MZT2B,,ALDH5A1,,MALSU1,,,USP34,
NADK,,ATAD3A,,MAN1C1,,,VCPKMT,
NAE1,,ATP5L,,MANF,,,VIPAS39,
NDE1,,BORA,,MEA1,,,VPS13A,
NEIL3,,BUB1B,,METTL9,,,VPS25,
NID1,,C1orf112,,MEX3B,,,WASF1,
NMU,,CCNO,,MMP20,,,WDFY1,
NOP56,,CCZ1B,,MNS1,,,WDR81,
NOXO1,,CD83,,MRPL43,,,WISP1,
NSFL1C,,CHPT1,,MRPS24,,,XPNPEP1,
NT5M,,CHSY3,,MT1F,,,XXYLT1,
NUDT2,,CMTM3,,MTUS2,,,YBX3,
NUFIP1,,CNTNAP3,,MYOD1,,,YRDC,
OCRL,,CORO1A,,NBN,,,ZC4H2,
P3H1,,CORO2B,,NR0B2,,,ZCCHC17,
PASK,,CYBRD1,,NUDT15,,,ZFP36,
PCK2,,DEDD,,NUF2,,,ZKSCAN3,
PIF1,,DHCR24,,OASL,,,ZKSCAN4,
PIK3R1,,DNAJB12,,PITPNB,,,ZMYM3,
PLK4,,EIF2AK3,,PKN1,,,ZNF282,
POM121,,ENPP4,,PMF1,,,ZNF852,
PPP2R3B,,FAH,,PRADC1,,,ZSCAN25,
PSMD1,,FAIM,,PRPS2,,,AMFR,
PSTPIP2,,FAM110C,,PSMB5,,,ARHGAP36,
PUM3,,FAM171B,,PTS,,,ATG9A,
R3HDM4,,FERMT1,,RAC1,,,ATP6V1A,
RAP1GAP,,FGF11,,RAD21,,,C9orf72,
RBP7,,FKBP1B,,RAD54B,,,CLPX,
RC3H2,,GPR37,,RARB,,,COL24A1,
RCE1,,GTF3C2,,RFC4,,,FAM124A,
RDM1,,HNF1B,,RHOT2,,,FAM13B,
REXO5,,IFIT5,,RNASE4,,,FAM193B,
RGS13,,IL18,,RPL36AL,,,FKBP14,
RHO,,KAZALD1,,RPS6KA4,,,GPR50,
RHOBTB3,,KCNS3,,S100A8,,,HDGF,
RING1,,KDM1B,,S100P,,,HEPACAM,
RIOK3,,KIF15,,SAP30BP,,,HIF3A,
RPL28,,LSM14B,,SARS2,,,IRGQ,
RPLP1,,MAGI1,,SCAMP2,,,KCTD3,
RSAD2,,MAP1LC3B,,SEPT10,,,KIAA0907,
SAC3D1,,MBD6,,SERGEF,,,KLHL8,
SAYSD1,,MEIS2,,SFRP1,,,MAU2,
SCRN3,,MRPL13,,SHCBP1,,,N4BP2L1,
SLIT3,,MXI1,,SLC35F3,,,NKAIN1,
SMC4,,MYO6,,SLF2,,,NUDT11,
SNAI3,,NOL12,,SQSTM1,,,PEX5,
SULT2A1,,NOTCH1,,TBCB,,,PGAP1,
SYT12,,PCGF6,,TBX1,,,PRRT4,
TCL1A,,PCOLCE2,,TFCP2L1,,,PTHLH,
TMEM106A,,PKP4,,TICRR,,,PTPRK,
TMEM200A,,POMT2,,TNFSF12,,,RAB12,
TOPBP1,,PRIMPOL,,TRIM22,,,RGAG4,
TRIM11,,PSMC3IP,,TUBGCP6,,,RNF19A,
TRIT1,,PSRC1,,TXLNB,,,RRAS2,
TTC8,,PTPRT,,UBFD1,,,SARM1,
TTLL7,,RAB2B,,UNG,,,SH3BP5L,
TTPA,,RAD1,,WSB2,,,SH3RF3,
TUT1,,RB1,,ZBTB14,,,SHROOM2,
UBL7,,RNF144A,,ZNF217,,,SLC25A15,
UPP1,,RRP12,,ZSWIM3,,,SMS,
UQCC1,,SGCB,,DAB2,,,SVEP1,
USP30,,SLC52A2,,HAAO,,,TMEM259,
WDR47,,TBC1D31,,RAB40B,,,TMUB2,
ZBED4,,TCF7,,SMAD2,,,TRAF4,
ZMYND19,,TDRP,,SNRPB2,,,TUBD1,
ZNF114,,TEX30,,GATA6,,,WSCD2,
ZNF165,,THAP12,,ACSS1,,,ABHD4,
ZNF184,,TOMM34,,ACTL6A,,,ADAMTS17,
ZNF202,,TRAIP,,ADGRG6,,,ADAMTS9,
ZNF230,,TROAP,,ANXA7,,,B3GNT5,
ZNF354A,,USP18,,APOBEC3C,,,C4orf29,
ZNF385B,,USP54,,APPL1,,,CACNA1B,
ZNF449,,VRK1,,ARHGEF2,,,CCSAP,
ZNF700,,WRB,,ATAD3A,,,COL27A1,
ZNRF3,,ZNF346,,ATP5L,,,COL4A3,
ZSWIM8,,NDUFA4P1,,BORA,,,COL9A1,
BCL2,,SLC2A3,,BUB1B,,,CPSF7,
EEF1A1,,DEPDC1,,C1orf112,,,DUSP2,
AP3D1,,TMEM214,,CARD10,,,ELN,
BCOR,,ABCB9,,CASP10,,,EMB,
CDC42,,ADPGK,,CCNE1,,,EXOC7,
LRRFIP1,,AKT3,,CCNO,,,FAM105B,
SERPINA4,,ARHGEF19,,CCZ1B,,,FAM184B,
SMC2,,ATAD5,,CD83,,,FMN1,
TACC3,,ATF1,,CHPT1,,,FOXJ2,
WDFY2,,BCL2L12,,CHSY3,,,GOLGA7,
PRR13,,C11orf49,,CMTM3,,,H2AFY,
IGF2R,,C1orf198,,CNKSR3,,,KCNJ12,
ACADS,,CARD11,,CNTNAP3,,,LEP,
ACSM2A,,CCND1,,COPA,,,MED26,
ADA,,CCNG2,,CORO1A,,,METTL21B,
ADCK2,,CD34,,CORO2B,,,MMD2,
ARFGAP1,,CD40,,CSK,,,MRE11A,
ASRGL1,,CHEK1,,CUEDC2,,,NCOR2,
BBS7,,CSGALNACT2,,DCAF10,,,NID1,
BCL2A1,,CSTF3,,DEDD,,,PCDH9,
BEX1,,CWC27,,DNAJB12,,,PDHX,
BIRC5,,DIMT1,,EIF2AK3,,,RIOK3,
BLM,,EML1,,ELP2,,,SCAMP5,
BRD8,,FBXO5,,EMX2,,,SIDT2,
CAMKV,,GSDMA,,FAH,,,SMARCA2,
CASR,,HMMR,,FAIM,,,SMIM12,
CCND3,,IDI1,,FAM110C,,,SYPL2,
CCNDBP1,,IL1R1,,FAM135B,,,VAMP7,
CCR9,,IL4,,FAM171B,,,VPS36,
CDC37L1,,KIF20A,,FERMT1,,,VPS37C,
CDC73,,KIF24,,FGF11,,,WNT10B,
CDCA7L,,LGMN,,FKBP1B,,,ANKRD27,
CDK7,,MCM9,,GPR37,,,ATP5G3,
CDS2,,MIS12,,GPRIN2,,,C2orf88,
CENPU,,MMS19,,GTF3C2,,,C9orf69,
CEP250,,NCBP1,,HNF1B,,,CALM3,
CHM,,NEK6,,HNRNPA1,,,CCNA2,
CHTF18,,NET1,,IFIT5,,,COL4A1,
CIP2A,,NFKBIZ,,IL18,,,DNM3,
CKLF,,NKX3-1,,KAZALD1,,,ELMO2,
CLEC16A,,NOVA1,,KCNC3,,,EML4,
CLK1,,OPA1,,KCNS3,,,EOMES,
COPS5,,PACSIN3,,KCTD15,,,F11R,
COQ3,,POLR2I,,KDM1B,,,FASTK,
CWC22,,PRDX6,,KIF15,,,FKBP4,
CXorf57,,PSMD6,,LRIG1,,,GNB4,
DDX41,,RALA,,LSM14B,,,GRAP2,
DGCR2,,RECQL,,MAGI1,,,GRM4,
DUS1L,,RNF26,,MEIS2,,,GRPEL2,
EAF2,,ROPN1L,,MRPL13,,,KLHL9,
EIF5B,,RUFY3,,MYLK,,,LIG3,
ENOPH1,,SCMH1,,NCAPH,,,OTUB2,
EPGN,,SCRT2,,NOL12,,,PCDHB16,
EPM2A,,SNRNP25,,NSMF,,,PDGFC,
ERCC3,,SYCE1L,,PCGF6,,,PER1,
ERICH5,,SYNRG,,PCOLCE2,,,PLEKHA1,
ESD,,TCFL5,,PKP4,,,RAB27A,
EXOSC1,,TDP1,,POMT2,,,RBAK,
FAAP100,,TICAM2,,PRIMPOL,,,RIT1,
FAM107A,,TRPC1,,PSMC3IP,,,SESN1,
FAM160B2,,TUBGCP2,,PSMC5,,,SLC16A1,
FAM241B,,UMPS,,PSRC1,,,SLC16A14,
FBXO34,,XKR7,,PTK7,,,SLC30A3,
FNTB,,ZCCHC14,,PXMP4,,,SLCO5A1,
FRMD4A,,ARHGAP39,,RAD1,,,SMEK2,
GALNT12,,BCL7B,,RNF144A,,,SPARC,
GPR19,,HNRNPA1,,RRP12,,,SPSB4,
HAAO,,PIGM,,SGCB,,,TMED9,
HINT3,,PTGFRN,,SLC52A2,,,TRIM9,
HNRNPA1,,RUFY2,,SMYD4,,,TTC14,
HSD17B4,,CA8,,SP1,,,UACA,
HYLS1,,METTL7A,,STIM1,,,VHL,
IFI27,,PLEKHG5,,TBC1D31,,,ZBTB40,
IFI44,,RAD54L2,,TCF7,,,ZNF469,
IL32,,SLC33A1,,TDRP,,,ZNF518B,
ITGB2,,TMED7,,TEX30,,,ANKRD13B,
JMJD6,,ZMIZ2,,THAP12,,,BSDC1,
KDM4D,,AAMP,,TOMM34,,,C4orf32,
KHNYN,,AHSA1,,TPP1,,,CAV2,
KIF20B,,AMPD2,,TRAF7,,,CCDC85A,
KIFAP3,,ANKRD6,,TRAIP,,,CDC42,
KLHDC8B,,ANPEP,,TROAP,,,CMPK1,
LCN10,,ASPM,,UBD,,,COL25A1,
LOXL2,,BGLAP,,UBE2K,,,COL8A1,
LOXL4,,CCDC122,,USP18,,,DEDD,
LRCH4,,CDKN2D,,USP54,,,EDC3,
LRP11,,CMTM4,,VRK1,,,ELOVL4,
LRRC58,,CTSD,,WRB,,,EPB41L4B,
MALSU1,,DDX50,,ZMAT3,,,FBRS,
MAN1C1,,DVL3,,ZNF292,,,FREM2,
MAN2A2,,FADD,,ZNF346,,,GGA1,
MANF,,IL1B,,ZNF738,,,GID8,
MAP2K6,,KIF22,,ACACA,,,HNRNPUL1,
MBOAT7,,MIF,,AKAP8,,,IL17RD,
MCMBP,,MRPL40,,ASPH,,,ILDR2,
METTL9,,NIPSNAP2,,CENPA,,,ITGA11,
MEX3B,,NOS3,,IFITM3,,,KIF5B,
MMP20,,NT5C1A,,LIMD2,,,LDLRAD3,
MNS1,,OGFR,,MESD,,,LDLRAP1,
MRPL43,,PAF1,,MRPS30,,,MED28,
MRPL46,,PHTF1,,SAMD9L,,,MORF4L1,
MSTO1,,PI4K2B,,SS18,,,N4BP2,
MT1F,,PIK3R4,,ARHGAP29,,,NCKAP5,
MTUS2,,PLAUR,,CXCL8,,,PAIP2,
NBN,,POLD1,,CYTIP,,,PIAS4,
NR0B2,,PPAT,,KNL1,,,RIC3,
NUDT15,,PPP1CA,,RNF11,,,SERINC5,
NUF2,,SLC10A3,,RPS6KB1,,,SIX5,
NUP54,,SLC25A40,,SPNS1,,,SLC2A14,
OASL,,SLC39A8,,SRPRB,,,SUN1,
OLFML2A,,SPP1,,UGT8,,,SYT9,
PI4KA,,STK3,,ABCB9,,,TNFAIP1,
PKN1,,TJP2,,ADPGK,,,TRAK2,
PMF1,,TSPAN9,,AHNAK,,,VTA1,
PML,,XK,,APTX,,,WNT8B,
PRPF31,,ZMAT3,,ARHGEF19,,,XPO5,
PRPS2,,ZNF449,,ARRB2,,,,
PSMB5,,FBXW7,,ATF1,,,,
PTGS1,,FOS,,BAZ2B,,,,
PTS,,TMPRSS5,,C11orf49,,,,
PUF60,,TSC22D2,,C1orf198,,,,
RAD54B,,KIF23,,CARD11,,,,
RARB,,RNF11,,CCNA2,,,,
REXO4,,ADD1,,CCNG2,,,,
RFC4,,FANCA,,CD34,,,,
RHOT2,,MBD4,,CD40,,,,
RNASE4,,MICAL2,,CKMT1A,,,,
RPS21,,SERTAD2,,CSGALNACT2,,,,
RUSC1,,B3GNT5,,CSTF3,,,,
S100A8,,CCDC32,,CWC27,,,,
S100B,,CD248,,DAP3,,,,
S100P,,CIB2,,DCP1A,,,,
SEPT10,,CLSTN1,,DDO,,,,
SERGEF,,DEAF1,,DEF8,,,,
SFRP1,,DHX8,,DIMT1,,,,
SFT2D1,,DSC2,,DUSP3,,,,
SLC1A4,,ELP1,,EFNB2,,,,
SLC35F3,,FAM71B,,EML1,,,,
SLF2,,GATA3,,ERGIC1,,,,
SNRPB2,,HADH,,FABP2,,,,
SUCLG1,,KBTBD7,,FBXO5,,,,
SUGP2,,LAMTOR5,,FSTL1,,,,
SZT2,,MAP6D1,,FZD4,,,,
TBX1,,MDM4,,GANAB,,,,
TCF19,,NAB1,,GSDMA,,,,
TFCP2L1,,NIPA1,,HIST2H3A,,,,
TGFB3,,NOD2,,HMMR,,,,
TICRR,,OSBPL6,,IDI1,,,,
TMEM161A,,PDLIM5,,IL1R1,,,,
TMEM9B,,PDLIM7,,IL4,,,,
TNFSF12,,PHF10,,KIF20A,,,,
TRIM22,,PLAU,,KIF24,,,,
TRIP6,,PLOD1,,LGMN,,,,
TSPAN33,,POLA2,,MDC1,,,,
TWF2,,PPM1F,,MIS12,,,,
UBAC2,,PROSER1,,MMS19,,,,
UBE2J2,,RIC8B,,NCBP1,,,,
UNG,,SGPP1,,NEK6,,,,
WNT3,,SLC6A20,,NET1,,,,
WSB2,,SLF1,,NFKBIZ,,,,
ZBTB14,,SNX33,,NKX3-1,,,,
ZNF217,,ST3GAL6,,NOVA1,,,,
ZNF324,,TTK,,NSMCE1,,,,
ZNF420,,TUBGCP3,,NUP160,,,,
ZNF551,,YRDC,,OPA1,,,,
ZSWIM3,,C16orf52,,OSCAR,,,,
AKT2,,CCL16,,PACSIN3,,,,
CLTC,,CREBL2,,PI4KB,,,,
COX6C,,EMC7,,PKMYT1,,,,
GDPD5,,ZNF581,,POLR2I,,,,
KDM5C,,PTDSS2,,PRDX6,,,,
MTHFD1L,,ALCAM,,PSAP,,,,
NCAPH,,ANK3,,PSMD4,,,,
NXPE3,,CCAR1,,PSMD6,,,,
RFWD3,,CCDC15,,PTPRF,,,,
SLC25A15,,CEP85L,,RALA,,,,
UBD,,DLST,,RECQL,,,,
WDR82P1,,EDRF1,,ROPN1L,,,,
AARS2,,EEF1A2,,RUFY3,,,,
ABCD2,,EGR1,,SCMH1,,,,
ACTL6A,,ENTPD5,,SNRNP25,,,,
ADGRG6,,FAM200B,,SNX22,,,,
AKAP8,,GORASP2,,SNX7,,,,
ANGPTL4,,HECTD2,,SYCE1L,,,,
ARHGEF2,,HKR1,,TCFL5,,,,
ASCC2,,ID1,,TDP1,,,,
ATAD3A,,IQCB1,,TICAM2,,,,
ATP5J,,ITGAV,,TLE1,,,,
ATP5L,,KLHL23,,TMEM63B,,,,
BMP1,,LAMC2,,TRIB3,,,,
BORA,,LIMS1,,TRPC1,,,,
BUB1B,,MPP2,,TUBGCP2,,,,
C12orf10,,NCOA5,,USP14,,,,
C1orf112,,PRKCE,,ATG9A,,,,
CAND1,,RGS9BP,,KIF5B,,,,
CARD10,,RHOC,,ATP13A3,,,,
CCNE1,,SLC35B2,,C1orf21,,,,
CCNO,,SMARCB1,,EGFR,,,,
CCNT2,,SNX13,,EPHX2,,,,
CCZ1B,,TAF9B,,FAM83D,,,,
CD83,,TMEFF1,,NDST1,,,,
CDK16,,TOR3A,,RAB27A,,,,
CHMP7,,TTYH2,,SEMA4D,,,,
CHPT1,,VASH2,,TMEM101,,,,
CMTM3,,ZNHIT3,,TNIP2,,,,
CNTNAP3,,CLIP4,,ACTR2,,,,
COL15A1,,KLLN,,AAMP,,,,
CORO1A,,BCL2,,AHSA1,,,,
CORO2B,,PAG1,,AMPD2,,,,
CRIPT,,AGL,,ANAPC5,,,,
CYFIP1,,B3GNT6,,ANKRD6,,,,
DCAF10,,C15orf39,,ANPEP,,,,
DEDD,,C1QTNF3,,ASPM,,,,
DHX38,,CLN6,,BGLAP,,,,
DNAJB12,,CNDP2,,BRAF,,,,
DNPEP,,CYP11B2,,CCDC122,,,,
DOCK3,,FGF14,,CDKN2D,,,,
DST,,FNBP4,,COL6A1,,,,
DVL2,,GYG2,,COX5A,,,,
EIF2AK3,,HOMER1,,CRK,,,,
EIF3G,,LRRC10,,CTSD,,,,
ELMSAN1,,NCSTN,,CYBRD1,,,,
FAH,,NDUFA7,,DDX50,,,,
FAIM,,NEDD1,,EIF4H,,,,
FAM110C,,NEMP1,,EMP1,,,,
FAM122A,,NXPE2,,FADD,,,,
FAM171B,,OARD1,,FAM20B,,,,
FARSA,,PABPC4,,GLI1,,,,
FAU,,PARN,,IL1B,,,,
FERMT1,,PPID,,ING1,,,,
FGF11,,PTENP1,,KIF22,,,,
FKBP1B,,RCC1L,,LGR5,,,,
GPATCH4,,RIMKLA,,MIF,,,,
GPR37,,SCAMP2,,MRPL40,,,,
GPRIN2,,SLC19A2,,MTMR12,,,,
GRPEL1,,SMN1,,NCAPD3,,,,
GTF2B,,SPINT2,,NIPSNAP2,,,,
GTF3C2,,TCHP,,NOS3,,,,
HNF1B,,TMEM173,,NRIP1,,,,
IFIH1,,TMEM92,,NT5C1A,,,,
IFIT5,,TNFSF13B,,OGFR,,,,
IL18,,TNRC6C,,PAF1,,,,
INSIG1,,TRAF6,,PDE2A,,,,
INTS5,,OLFML2A,,PHTF1,,,,
KAZALD1,,ZFP30,,PIK3R4,,,,
KCNS3,,ARL1,,PLA2G4A,,,,
KDM1B,,BARD1,,PLAUR,,,,
KIF15,,BBC3,,PPAT,,,,
LARS,,BCL2L14,,PPP1CA,,,,
LIMD2,,C6orf62,,PSME1,,,,
LSM14B,,CBY3,,PUM1,,,,
LYRM7,,CCL2,,SLC25A40,,,,
MAGI1,,CCND2,,SLC39A8,,,,
MAP3K10,,CDH13,,SPP1,,,,
MEIS2,,DHFR2,,STK3,,,,
MEN1,,ENC1,,TJP2,,,,
MESD,,FAHD2A,,TMEM136,,,,
MLH3,,FBXO25,,TSPAN9,,,,
MRGBP,,FGFR3,,VAV3,,,,
MRPL13,,HDAC1,,WASHC5,,,,
MRPS30,,HOXD10,,XK,,,,
MYLK,,IFNG,,ZBED2,,,,
NARF,,IKBKB,,,,,,
NCS1,,IL15,,,,,,
NOL12,,MAFB,,,,,,
NPAS2,,MBOAT1,,,,,,
NUDC,,MFSD13A,,,,,,
OLFM4,,MPIG6B,,,,,,
PCGF6,,NFKBIA,,,,,,
PCOLCE2,,OSBPL10,,,,,,
PHB,,OTOG,,,,,,
PHF23,,PAX8,,,,,,
PKP4,,PDGFRB,,,,,,
POMT2,,RAC1,,,,,,
PPP2R5A,,RADIL,,,,,,
PPWD1,,RET,,,,,,
PRIMPOL,,RPL19,,,,,,
PSMC5,,RTKN2,,,,,,
PSME3,,SGO2,,,,,,
PSRC1,,SP8,,,,,,
RAB8A,,SSSCA1,,,,,,
RAD1,,TLR2,,,,,,
RASGRP3,,TNF,,,,,,
RBM42,,TOMM22,,,,,,
RFX5,,UBA5,,,,,,
RNF11,,UBE2C,,,,,,
RNF144A,,WWC3,,,,,,
RPLP2,,YME1L1,,,,,,
RPS29,,ZNHIT6,,,,,,
RRP1,,JARID2,,,,,,
RRP12,,PDPK1,,,,,,
SCAF8,,PRICKLE1,,,,,,
SCAP,,SMAD2,,,,,,
SF3B4,,AGPAT3,,,,,,
SGCB,,ALG10B,,,,,,
SLC52A2,,AURKB,,,,,,
SNRPD2,,CDC7,,,,,,
SPAG9,,DNAJC19,,,,,,
SS18,,DUSP22,,,,,,
TAOK2,,EDEM3,,,,,,
TBC1D22B,,ETV5,,,,,,
TBC1D31,,FBN1,,,,,,
TCF7,,FBRSL1,,,,,,
TDRP,,FGD1,,,,,,
TEX30,,HSPA1A,,,,,,
THAP12,,IL7,,,,,,
TIMM23,,IRAK4,,,,,,
TMED1,,KCNK2,,,,,,
TOMM34,,MAP3K20,,,,,,
TRAIP,,MMP14,,,,,,
UBE2K,,NHS,,,,,,
UBQLN2,,P2RY11,,,,,,
USP18,,PARM1,,,,,,
USP54,,PPARG,,,,,,
VRK1,,RPS6KA6,,,,,,
ZNF285,,SAP30,,,,,,
ZNF292,,SLC13A4,,,,,,
ZNF346,,SMARCA2,,,,,,
ZNF738,,SPRED2,,,,,,
C1QTNF6,,TAF15,,,,,,
CXCL8,,TCHHL1,,,,,,
CYTIP,,USP10,,,,,,
NUBPL,,ZDHHC23,,,,,,
RAB40C,,,,,,,,
SPRTN,,,,,,,,
SRPRB,,,,,,,,
DCP1A,,,,,,,,
DUSP3,,,,,,,,
EFNB2,,,,,,,,
NDUFV3,,,,,,,,
NPEPPS,,,,,,,,
WNT4,,,,,,,,
ABCB9,,,,,,,,
ADCY1,,,,,,,,
ADPGK,,,,,,,,
AMMECR1L,,,,,,,,
APRT,,,,,,,,
ARHGEF19,,,,,,,,
ATF1,,,,,,,,
BAZ2B,,,,,,,,
BCAT2,,,,,,,,
C11orf49,,,,,,,,
C1orf198,,,,,,,,
CAMK2D,,,,,,,,
CARD11,,,,,,,,
CCNG2,,,,,,,,
CD34,,,,,,,,
COL10A1,,,,,,,,
CSTF3,,,,,,,,
CWC27,,,,,,,,
CYSTM1,,,,,,,,
DCLRE1B,,,,,,,,
DDX56,,,,,,,,
DNAJB2,,,,,,,,
DNMT1,,,,,,,,
EHMT1,,,,,,,,
EMC6,,,,,,,,
EML1,,,,,,,,
FBXO5,,,,,,,,
FGA,,,,,,,,
FSTL1,,,,,,,,
FZD4,,,,,,,,
GRAP2,,,,,,,,
GSDMA,,,,,,,,
HDHD5,,,,,,,,
HFE2,,,,,,,,
HMMR,,,,,,,,
HSPBP1,,,,,,,,
IDI1,,,,,,,,
IL1R1,,,,,,,,
IL2,,,,,,,,
IL4,,,,,,,,
KCNMB3,,,,,,,,
KIF20A,,,,,,,,
KIF24,,,,,,,,
LARP4,,,,,,,,
LGMN,,,,,,,,
MED15,,,,,,,,
MEGF8,,,,,,,,
METTL2A,,,,,,,,
MIS12,,,,,,,,
MMS19,,,,,,,,
MOGS,,,,,,,,
MTIF2,,,,,,,,
MYSM1,,,,,,,,
NCBP1,,,,,,,,
NEK1,,,,,,,,
NEK6,,,,,,,,
NET1,,,,,,,,
NFKBIZ,,,,,,,,
NKX3-1,,,,,,,,
NOVA1,,,,,,,,
OPA1,,,,,,,,
PACSIN3,,,,,,,,
PKMYT1,,,,,,,,
PPM1G,,,,,,,,
PRDX6,,,,,,,,
PSMD6,,,,,,,,
RALA,,,,,,,,
RBM22,,,,,,,,
RECQL,,,,,,,,
RNF26,,,,,,,,
ROPN1L,,,,,,,,
RPS18,,,,,,,,
RUFY3,,,,,,,,
SCMH1,,,,,,,,
SCYL1,,,,,,,,
SEC11A,,,,,,,,
SNRNP25,,,,,,,,
SPHK1,,,,,,,,
STX11,,,,,,,,
SYCE1L,,,,,,,,
TCFL5,,,,,,,,
TDP1,,,,,,,,
TICAM2,,,,,,,,
TLE1,,,,,,,,
TRIB3,,,,,,,,
TRPC1,,,,,,,,
TUBGCP2,,,,,,,,
UPF1,,,,,,,,
URB2,,,,,,,,
ZNF226,,,,,,,,
ZZEF1,,,,,,,,
ACTR2,,,,,,,,
ATP13A3,,,,,,,,
CECR2,,,,,,,,
CLN8,,,,,,,,
EGFR,,,,,,,,
IVD,,,,,,,,
NDST1,,,,,,,,
PPP1R11,,,,,,,,
RANBP2,,,,,,,,
SEMA4D,,,,,,,,
TMEM101,,,,,,,,
EMP1,,,,,,,,
ING1,,,,,,,,
PLA2G4A,,,,,,,,
SPA17,,,,,,,,
TMEM136,,,,,,,,
TOMM40L,,,,,,,,
TPD52L2,,,,,,,,
CYBRD1,,,,,,,,
SP4,,,,,,,,
AAMP,,,,,,,,
AHSA1,,,,,,,,
AIFM1,,,,,,,,
ALDH5A1,,,,,,,,
ANKRD6,,,,,,,,
ANPEP,,,,,,,,
ASPM,,,,,,,,
BGLAP,,,,,,,,
BTK,,,,,,,,
C12orf29,,,,,,,,
CCDC122,,,,,,,,
CD2BP2,,,,,,,,
CDKN2D,,,,,,,,
CHCHD2,,,,,,,,
COX5A,,,,,,,,
DDX50,,,,,,,,
DDX54,,,,,,,,
DHX15,,,,,,,,
ENPP4,,,,,,,,
FADD,,,,,,,,
GIT1,,,,,,,,
GOLM1,,,,,,,,
HIST1H4D,,,,,,,,
HLTF,,,,,,,,
HSP90AA1,,,,,,,,
IL1B,,,,,,,,
KIDINS220,,,,,,,,
KIF22,,,,,,,,
MAML2,,,,,,,,
MARCH9,,,,,,,,
MCM6,,,,,,,,
MIF,,,,,,,,
MRPL40,,,,,,,,
MTCH2,,,,,,,,
NCOR1,,,,,,,,
NIPSNAP2,,,,,,,,
NOS3,,,,,,,,
NT5C1A,,,,,,,,
OGFR,,,,,,,,
PAF1,,,,,,,,
PDLIM3,,,,,,,,
PIK3R4,,,,,,,,
PIM1,,,,,,,,
PLAUR,,,,,,,,
POLD1,,,,,,,,
POLR2L,,,,,,,,
PPP1CA,,,,,,,,
PRDX4,,,,,,,,
PTPRT,,,,,,,,
RAI14,,,,,,,,
RFWD2,,,,,,,,
RIOK2,,,,,,,,
RNF10,,,,,,,,
RNF167,,,,,,,,
ROBO1,,,,,,,,
RRM2,,,,,,,,
SEPHS2,,,,,,,,
SLC11A2,,,,,,,,
SLC25A40,,,,,,,,
SLC39A8,,,,,,,,
SP3,,,,,,,,
SPP1,,,,,,,,
STK3,,,,,,,,
TJP2,,,,,,,,
TXN2,,,,,,,,
XK,,,,,,,,
MAP7D1,,,,,,,,
MXI1,,,,,,,,
MYO6,,,,,,,,
NOTCH1,,,,,,,,
PHKA1,,,,,,,,
TMEM2,,,,,,,,
COX20,,,,,,,,
RB1,,,,,,,,
UTP15,,,,,,,,
